cluster_id,n_nodes,n_seed,sum_kzt_internal,top_gids,hypothesis
0,283,1,30620027.39,100000006866783100;100000002398779100;100000008477350100;100000004400305100;100000000437046100,"Гипотеза для проверки: возможная координация денежных потоков; группа из 283 узлов, seed — 1; роли: consolidator — 15, transit — 35, distributor — 10, terminal — 52, coordinator — 4, peripheral — 167; внутренние переводы 30 620 027.39 KZT; оборот (вход + выход) — 73 835 806.67 KZT; доля общего оборота (вход + выход) — 10.09%. Для проверки следует запросить детализацию переводов и документы об их назначении; у seed входящие занижены методом сбора; назначение платежей и общая принадлежность узлов не установлены."
1,270,1,10178044.0,100000002733905100;100000003942602100;100000004739664100;100000001697501100;100000002527114100,"Гипотеза для проверки: возможное распределение средств между получателями; группа из 270 узлов, seed — 1; роли: consolidator — 0, transit — 8, distributor — 3, terminal — 25, coordinator — 0, peripheral — 234; внутренние переводы 10 178 044.00 KZT; оборот (вход + выход) — 20 356 088.00 KZT; доля общего оборота (вход + выход) — 2.78%. Для проверки следует запросить детализацию переводов и документы об их назначении; у seed входящие занижены методом сбора; назначение платежей и общая принадлежность узлов не установлены."
2,142,5,19232090.0,100000003684369100;100000008165763100;100000008748914100;100000007908818100;100000003299365100,"Гипотеза для проверки: возможная координация денежных потоков; группа из 142 узлов, seed — 5; роли: consolidator — 2, transit — 18, distributor — 3, terminal — 53, coordinator — 5, peripheral — 61; внутренние переводы 19 232 090.00 KZT; оборот (вход + выход) — 46 969 046.74 KZT; доля общего оборота (вход + выход) — 6.42%. Для проверки следует запросить детализацию переводов и документы об их назначении; у seed входящие занижены методом сбора; назначение платежей и общая принадлежность узлов не установлены."
3,129,7,18799215.28,100000003016635100;100000000706545100;100000004019124100;100000001530983100;100000008144528100,"Гипотеза для проверки: возможная координация денежных потоков; группа из 129 узлов, seed — 7; роли: consolidator — 7, transit — 22, distributor — 2, terminal — 31, coordinator — 1, peripheral — 66; внутренние переводы 18 799 215.28 KZT; оборот (вход + выход) — 39 747 984.56 KZT; доля общего оборота (вход + выход) — 5.43%. Для проверки следует запросить детализацию переводов и документы об их назначении; у seed входящие занижены методом сбора; назначение платежей и общая принадлежность узлов не установлены."
4,127,0,16703584.0,100000008603629100;100000005140601100;100000001857829100;100000005527892100;100000004679953100,"Гипотеза для проверки: возможная координация денежных потоков; группа из 127 узлов, seed — 0; роли: consolidator — 0, transit — 16, distributor — 5, terminal — 28, coordinator — 2, peripheral — 76; внутренние переводы 16 703 584.00 KZT; оборот (вход + выход) — 40 622 705.00 KZT; доля общего оборота (вход + выход) — 5.55%. Для проверки следует запросить детализацию переводов и документы об их назначении; связь с делом не подтверждена; назначение платежей и общая принадлежность узлов не установлены."
5,127,0,27033142.0,100000008547948100;100000002718366100;100000002547110100;100000005367445100;100000008489922100,"Гипотеза для проверки: возможная консолидация средств; группа из 127 узлов, seed — 0; роли: consolidator — 10, transit — 12, distributor — 8, terminal — 37, coordinator — 0, peripheral — 60; внутренние переводы 27 033 142.00 KZT; оборот (вход + выход) — 59 228 726.00 KZT; доля общего оборота (вход + выход) — 8.09%. Для проверки следует запросить детализацию переводов и документы об их назначении; связь с делом не подтверждена; назначение платежей и общая принадлежность узлов не установлены."
6,119,0,24439680.33,100000000331309100;100000006889963100;100000000332284100;100000001330685100;100000008560717100,"Гипотеза для проверки: возможная консолидация средств; группа из 119 узлов, seed — 0; роли: consolidator — 4, transit — 10, distributor — 2, terminal — 47, coordinator — 0, peripheral — 56; внутренние переводы 24 439 680.33 KZT; оборот (вход + выход) — 58 050 007.41 KZT; доля общего оборота (вход + выход) — 7.93%. Для проверки следует запросить детализацию переводов и документы об их назначении; связь с делом не подтверждена; назначение платежей и общая принадлежность узлов не установлены."
7,91,1,9080395.26,100000002838861100;100000006972210100;100000001162560100;100000002609774100;100000005473151100,"Гипотеза для проверки: возможная координация денежных потоков; группа из 91 узлов, seed — 1; роли: consolidator — 3, transit — 7, distributor — 4, terminal — 21, coordinator — 1, peripheral — 55; внутренние переводы 9 080 395.26 KZT; оборот (вход + выход) — 20 307 919.52 KZT; доля общего оборота (вход + выход) — 2.78%. Для проверки следует запросить детализацию переводов и документы об их назначении; у seed входящие занижены методом сбора; назначение платежей и общая принадлежность узлов не установлены."
8,61,3,8902320.0,100000004015047100;100000001616816100;100000005171642100;100000008748408100;100000003923946100,"Гипотеза для проверки: возможная консолидация средств; группа из 61 узлов, seed — 3; роли: consolidator — 2, transit — 14, distributor — 1, terminal — 20, coordinator — 0, peripheral — 24; внутренние переводы 8 902 320.00 KZT; оборот (вход + выход) — 19 555 229.80 KZT; доля общего оборота (вход + выход) — 2.67%. Для проверки следует запросить детализацию переводов и документы об их назначении; у seed входящие занижены методом сбора; назначение платежей и общая принадлежность узлов не установлены."
9,59,1,6772097.0,100000003115284100;100000000343175100;100000004677680100;100000006707582100;100000005168487100,"Гипотеза для проверки: возможная координация денежных потоков; группа из 59 узлов, seed — 1; роли: consolidator — 2, transit — 9, distributor — 1, terminal — 21, coordinator — 1, peripheral — 25; внутренние переводы 6 772 097.00 KZT; оборот (вход + выход) — 16 455 308.00 KZT; доля общего оборота (вход + выход) — 2.25%. Для проверки следует запросить детализацию переводов и документы об их назначении; у seed входящие занижены методом сбора; назначение платежей и общая принадлежность узлов не установлены."
10,56,1,10014014.02,100000001677929100;100000005778283100;100000002894076100;100000005782781100;100000000274067100,"Гипотеза для проверки: возможная консолидация средств; группа из 56 узлов, seed — 1; роли: consolidator — 2, transit — 6, distributor — 2, terminal — 18, coordinator — 0, peripheral — 28; внутренние переводы 10 014 014.02 KZT; оборот (вход + выход) — 22 481 750.44 KZT; доля общего оборота (вход + выход) — 3.07%. Для проверки следует запросить детализацию переводов и документы об их назначении; у seed входящие занижены методом сбора; назначение платежей и общая принадлежность узлов не установлены."
11,55,0,14493312.0,100000005514161100;100000005242320100;100000002748180100;100000005316708100;100000001282143100,"Гипотеза для проверки: возможная консолидация средств; группа из 55 узлов, seed — 0; роли: consolidator — 4, transit — 6, distributor — 3, terminal — 25, coordinator — 0, peripheral — 17; внутренние переводы 14 493 312.00 KZT; оборот (вход + выход) — 31 940 969.00 KZT; доля общего оборота (вход + выход) — 4.36%. Для проверки следует запросить детализацию переводов и документы об их назначении; связь с делом не подтверждена; назначение платежей и общая принадлежность узлов не установлены."
12,53,1,3021863.0,100000000922570100;100000000831684100;100000003265158100;100000004692798100;100000002757797100,"Гипотеза для проверки: возможное распределение средств между получателями; группа из 53 узлов, seed — 1; роли: consolidator — 0, transit — 11, distributor — 1, terminal — 12, coordinator — 0, peripheral — 29; внутренние переводы 3 021 863.00 KZT; оборот (вход + выход) — 6 533 440.40 KZT; доля общего оборота (вход + выход) — 0.89%. Для проверки следует запросить детализацию переводов и документы об их назначении; у seed входящие занижены методом сбора; назначение платежей и общая принадлежность узлов не установлены."
13,50,3,4135421.0,100000008346837100;100000005074393100;100000008003034100;100000007648946100;100000004004621100,"Гипотеза для проверки: возможная координация денежных потоков; группа из 50 узлов, seed — 3; роли: consolidator — 0, transit — 13, distributor — 1, terminal — 5, coordinator — 1, peripheral — 30; внутренние переводы 4 135 421.00 KZT; оборот (вход + выход) — 9 438 964.00 KZT; доля общего оборота (вход + выход) — 1.29%. Для проверки следует запросить детализацию переводов и документы об их назначении; у seed входящие занижены методом сбора; назначение платежей и общая принадлежность узлов не установлены."
14,44,0,10215968.84,100000005933757100;100000001937767100;100000005958064100;100000002605308100;100000002963189100,"Гипотеза для проверки: возможная консолидация средств; группа из 44 узлов, seed — 0; роли: consolidator — 1, transit — 4, distributor — 1, terminal — 7, coordinator — 0, peripheral — 31; внутренние переводы 10 215 968.84 KZT; оборот (вход + выход) — 21 202 787.68 KZT; доля общего оборота (вход + выход) — 2.90%. Для проверки следует запросить детализацию переводов и документы об их назначении; связь с делом не подтверждена; назначение платежей и общая принадлежность узлов не установлены."
15,41,1,4209955.28,100000004156082100;100000005339662100;100000004820260100;100000008188026100;100000000076451100,"Гипотеза для проверки: возможная координация денежных потоков; группа из 41 узлов, seed — 1; роли: consolidator — 0, transit — 10, distributor — 0, terminal — 8, coordinator — 1, peripheral — 22; внутренние переводы 4 209 955.28 KZT; оборот (вход + выход) — 9 019 499.56 KZT; доля общего оборота (вход + выход) — 1.23%. Для проверки следует запросить детализацию переводов и документы об их назначении; у seed входящие занижены методом сбора; назначение платежей и общая принадлежность узлов не установлены."
16,41,0,5151924.19,100000003242289100;100000008512552100;100000008221543100;100000006225798100;100000008413748100,"Гипотеза для проверки: возможная консолидация средств; группа из 41 узлов, seed — 0; роли: consolidator — 1, transit — 2, distributor — 2, terminal — 7, coordinator — 0, peripheral — 29; внутренние переводы 5 151 924.19 KZT; оборот (вход + выход) — 11 884 623.68 KZT; доля общего оборота (вход + выход) — 1.62%. Для проверки следует запросить детализацию переводов и документы об их назначении; связь с делом не подтверждена; назначение платежей и общая принадлежность узлов не установлены."
17,30,1,6513430.0,100000008546855100;100000003873332100;100000007594394100;100000003854444100;100000007689942100,"Гипотеза для проверки: возможная консолидация средств; группа из 30 узлов, seed — 1; роли: consolidator — 1, transit — 7, distributor — 1, terminal — 12, coordinator — 0, peripheral — 9; внутренние переводы 6 513 430.00 KZT; оборот (вход + выход) — 13 610 102.00 KZT; доля общего оборота (вход + выход) — 1.86%. Для проверки следует запросить детализацию переводов и документы об их назначении; у seed входящие занижены методом сбора; назначение платежей и общая принадлежность узлов не установлены."
18,29,0,446070.0,100000001164648100;100000008460102100;100000001299443100;100000001325618100;100000001590795100,"Гипотеза для проверки: возможное распределение средств между получателями; группа из 29 узлов, seed — 0; роли: consolidator — 0, transit — 0, distributor — 1, terminal — 0, coordinator — 0, peripheral — 28; внутренние переводы 446 070.00 KZT; оборот (вход + выход) — 946 540.00 KZT; доля общего оборота (вход + выход) — 0.13%. Для проверки следует запросить детализацию переводов и документы об их назначении; связь с делом не подтверждена; назначение платежей и общая принадлежность узлов не установлены."
19,26,14,2289450.0,100000005382566100;100000004403675100;100000005523088100;100000004744306100;100000005394708100,"Гипотеза для проверки: возможная координация денежных потоков; группа из 26 узлов, seed — 14; роли: consolidator — 1, transit — 6, distributor — 0, terminal — 5, coordinator — 1, peripheral — 13; внутренние переводы 2 289 450.00 KZT; оборот (вход + выход) — 4 884 075.00 KZT; доля общего оборота (вход + выход) — 0.67%. Для проверки следует запросить детализацию переводов и документы об их назначении; у seed входящие занижены методом сбора; назначение платежей и общая принадлежность узлов не установлены."
20,25,0,7556605.0,100000001303311100;100000008743913100;100000007229557100;100000008710843100;100000002748532100,"Гипотеза для проверки: возможная консолидация средств; группа из 25 узлов, seed — 0; роли: consolidator — 2, transit — 5, distributor — 2, terminal — 9, coordinator — 0, peripheral — 7; внутренние переводы 7 556 605.00 KZT; оборот (вход + выход) — 16 991 619.00 KZT; доля общего оборота (вход + выход) — 2.32%. Для проверки следует запросить детализацию переводов и документы об их назначении; связь с делом не подтверждена; назначение платежей и общая принадлежность узлов не установлены."
21,20,0,617900.0,100000002448088100;100000003154105100;100000001427082100;100000000723383100;100000002185328100,"Гипотеза для проверки: возможная передача поступивших средств дальше; группа из 20 узлов, seed — 0; роли: consolidator — 0, transit — 5, distributor — 0, terminal — 0, coordinator — 0, peripheral — 15; внутренние переводы 617 900.00 KZT; оборот (вход + выход) — 1 252 600.00 KZT; доля общего оборота (вход + выход) — 0.17%. Для проверки следует запросить детализацию переводов и документы об их назначении; связь с делом не подтверждена; назначение платежей и общая принадлежность узлов не установлены."
22,18,0,3422800.0,100000003701161100;100000002267998100;100000008137435100;100000003718221100;100000005974542100,"Гипотеза для проверки: возможная координация денежных потоков; группа из 18 узлов, seed — 0; роли: consolidator — 0, transit — 5, distributor — 0, terminal — 4, coordinator — 1, peripheral — 8; внутренние переводы 3 422 800.00 KZT; оборот (вход + выход) — 7 199 009.00 KZT; доля общего оборота (вход + выход) — 0.98%. Для проверки следует запросить детализацию переводов и документы об их назначении; связь с делом не подтверждена; назначение платежей и общая принадлежность узлов не установлены."
23,17,1,21586840.0,100000002224132100;100000004603109100;100000003835149100;100000001965374100;100000004784224100,"Гипотеза для проверки: возможная консолидация средств; группа из 17 узлов, seed — 1; роли: consolidator — 1, transit — 5, distributor — 0, terminal — 3, coordinator — 0, peripheral — 8; внутренние переводы 21 586 840.00 KZT; оборот (вход + выход) — 43 190 680.00 KZT; доля общего оборота (вход + выход) — 5.90%. Для проверки следует запросить детализацию переводов и документы об их назначении; у seed входящие занижены методом сбора; назначение платежей и общая принадлежность узлов не установлены."
24,17,1,2977887.0,100000002731501100;100000004144536100;100000003616818100;100000004007116100;100000001330595100,"Гипотеза для проверки: возможная консолидация средств; группа из 17 узлов, seed — 1; роли: consolidator — 1, transit — 3, distributor — 1, terminal — 5, coordinator — 0, peripheral — 7; внутренние переводы 2 977 887.00 KZT; оборот (вход + выход) — 5 955 774.00 KZT; доля общего оборота (вход + выход) — 0.81%. Для проверки следует запросить детализацию переводов и документы об их назначении; у seed входящие занижены методом сбора; назначение платежей и общая принадлежность узлов не установлены."
25,15,0,850450.0,100000001526235100;100000005505655100;100000002472632100;100000001788284100;100000002984403100,"Гипотеза для проверки: возможная передача поступивших средств дальше; группа из 15 узлов, seed — 0; роли: consolidator — 0, transit — 4, distributor — 0, terminal — 0, coordinator — 0, peripheral — 11; внутренние переводы 850 450.00 KZT; оборот (вход + выход) — 1 713 970.00 KZT; доля общего оборота (вход + выход) — 0.23%. Для проверки следует запросить детализацию переводов и документы об их назначении; связь с делом не подтверждена; назначение платежей и общая принадлежность узлов не установлены."
26,15,0,3626010.0,100000008461532100;100000006704530100;100000000791285100;100000003122817100;100000002691583100,"Гипотеза для проверки: возможная передача поступивших средств дальше; группа из 15 узлов, seed — 0; роли: consolidator — 0, transit — 3, distributor — 0, terminal — 3, coordinator — 0, peripheral — 9; внутренние переводы 3 626 010.00 KZT; оборот (вход + выход) — 7 257 320.00 KZT; доля общего оборота (вход + выход) — 0.99%. Для проверки следует запросить детализацию переводов и документы об их назначении; связь с делом не подтверждена; назначение платежей и общая принадлежность узлов не установлены."
27,14,0,1605604.0,100000008213966100;100000007382543100;100000000838385100;100000003001661100;100000004407753100,"Гипотеза для проверки: возможная передача поступивших средств дальше; группа из 14 узлов, seed — 0; роли: consolidator — 0, transit — 3, distributor — 0, terminal — 0, coordinator — 0, peripheral — 11; внутренние переводы 1 605 604.00 KZT; оборот (вход + выход) — 3 242 208.00 KZT; доля общего оборота (вход + выход) — 0.44%. Для проверки следует запросить детализацию переводов и документы об их назначении; связь с делом не подтверждена; назначение платежей и общая принадлежность узлов не установлены."
28,13,1,1392916.0,100000000607731100;100000006734554100;100000001380054100;100000000703894100;100000005669845100,"Гипотеза для проверки: возможная передача поступивших средств дальше; группа из 13 узлов, seed — 1; роли: consolidator — 0, transit — 4, distributor — 0, terminal — 2, coordinator — 0, peripheral — 7; внутренние переводы 1 392 916.00 KZT; оборот (вход + выход) — 2 785 832.00 KZT; доля общего оборота (вход + выход) — 0.38%. Для проверки следует запросить детализацию переводов и документы об их назначении; у seed входящие занижены методом сбора; назначение платежей и общая принадлежность узлов не установлены."
29,13,0,6748650.0,100000007442518100;100000008258083100;100000000673868100;100000000821507100;100000001785161100,"Гипотеза для проверки: возможная координация денежных потоков; группа из 13 узлов, seed — 0; роли: consolidator — 0, transit — 0, distributor — 0, terminal — 6, coordinator — 1, peripheral — 6; внутренние переводы 6 748 650.00 KZT; оборот (вход + выход) — 13 992 299.00 KZT; доля общего оборота (вход + выход) — 1.91%. Для проверки следует запросить детализацию переводов и документы об их назначении; связь с делом не подтверждена; назначение платежей и общая принадлежность узлов не установлены."
30,11,0,3784703.0,100000002175422100;100000003004487100;100000001317336100;100000002710570100;100000003557488100,"Гипотеза для проверки: возможная передача поступивших средств дальше; группа из 11 узлов, seed — 0; роли: consolidator — 0, transit — 3, distributor — 0, terminal — 2, coordinator — 0, peripheral — 6; внутренние переводы 3 784 703.00 KZT; оборот (вход + выход) — 7 638 108.80 KZT; доля общего оборота (вход + выход) — 1.04%. Для проверки следует запросить детализацию переводов и документы об их назначении; связь с делом не подтверждена; назначение платежей и общая принадлежность узлов не установлены."
31,10,0,1929434.85,100000007639767100;100000002741024100;100000007629096100;100000001439416100;100000008680912100,"Гипотеза для проверки: возможная координация денежных потоков; группа из 10 узлов, seed — 0; роли: consolidator — 0, transit — 1, distributor — 0, terminal — 1, coordinator — 1, peripheral — 7; внутренние переводы 1 929 434.85 KZT; оборот (вход + выход) — 4 465 731.70 KZT; доля общего оборота (вход + выход) — 0.61%. Для проверки следует запросить детализацию переводов и документы об их назначении; связь с делом не подтверждена; назначение платежей и общая принадлежность узлов не установлены."
32,10,0,322010.0,100000008172352100;100000004552204100;100000007322059100;100000000993112100;100000002691858100,"Гипотеза для проверки: возможная координация денежных потоков; группа из 10 узлов, seed — 0; роли: consolidator — 0, transit — 0, distributor — 0, terminal — 2, coordinator — 1, peripheral — 7; внутренние переводы 322 010.00 KZT; оборот (вход + выход) — 747 205.00 KZT; доля общего оборота (вход + выход) — 0.10%. Для проверки следует запросить детализацию переводов и документы об их назначении; связь с делом не подтверждена; назначение платежей и общая принадлежность узлов не установлены."
33,10,0,603900.0,100000003635170100;100000002696152100;100000004209339100;100000002156381100;100000003321423100,"Гипотеза для проверки: возможная координация денежных потоков; группа из 10 узлов, seed — 0; роли: consolidator — 0, transit — 4, distributor — 0, terminal — 1, coordinator — 1, peripheral — 4; внутренние переводы 603 900.00 KZT; оборот (вход + выход) — 1 232 800.00 KZT; доля общего оборота (вход + выход) — 0.17%. Для проверки следует запросить детализацию переводов и документы об их назначении; связь с делом не подтверждена; назначение платежей и общая принадлежность узлов не установлены."
34,10,0,1727065.0,100000004076740100;100000004017410100;100000004336312100;100000005519998100;100000003934614100,"Гипотеза для проверки: возможная координация денежных потоков; группа из 10 узлов, seed — 0; роли: consolidator — 0, transit — 3, distributor — 0, terminal — 0, coordinator — 1, peripheral — 6; внутренние переводы 1 727 065.00 KZT; оборот (вход + выход) — 3 508 380.00 KZT; доля общего оборота (вход + выход) — 0.48%. Для проверки следует запросить детализацию переводов и документы об их назначении; связь с делом не подтверждена; назначение платежей и общая принадлежность узлов не установлены."
35,9,0,1406982.0,100000002217161100;100000007647294100;100000001445848100;100000008254576100;100000000954884100,"Гипотеза для проверки: возможная передача поступивших средств дальше; группа из 9 узлов, seed — 0; роли: consolidator — 0, transit — 2, distributor — 0, terminal — 1, coordinator — 0, peripheral — 6; внутренние переводы 1 406 982.00 KZT; оборот (вход + выход) — 2 866 864.00 KZT; доля общего оборота (вход + выход) — 0.39%. Для проверки следует запросить детализацию переводов и документы об их назначении; связь с делом не подтверждена; назначение платежей и общая принадлежность узлов не установлены."
36,8,0,2473417.91,100000004906181100;100000000542087100;100000000557536100;100000000673915100;100000004911971100,"Гипотеза для проверки: возможная передача поступивших средств дальше; группа из 8 узлов, seed — 0; роли: consolidator — 0, transit — 1, distributor — 0, terminal — 0, coordinator — 0, peripheral — 7; внутренние переводы 2 473 417.91 KZT; оборот (вход + выход) — 5 046 835.82 KZT; доля общего оборота (вход + выход) — 0.69%. Для проверки следует запросить детализацию переводов и документы об их назначении; связь с делом не подтверждена; назначение платежей и общая принадлежность узлов не установлены."
37,8,0,389000.0,100000005507142100;100000001825934100;100000002612809100;100000005264874100;100000000600707100,"Гипотеза для проверки: возможная передача поступивших средств дальше; группа из 8 узлов, seed — 0; роли: consolidator — 0, transit — 4, distributor — 0, terminal — 0, coordinator — 0, peripheral — 4; внутренние переводы 389 000.00 KZT; оборот (вход + выход) — 801 000.00 KZT; доля общего оборота (вход + выход) — 0.11%. Для проверки следует запросить детализацию переводов и документы об их назначении; связь с делом не подтверждена; назначение платежей и общая принадлежность узлов не установлены."
38,8,3,4597161.0,100000003404627100;100000008314203100;100000001732159100;100000008637537100;100000002681449100,"Гипотеза для проверки: возможная консолидация средств; группа из 8 узлов, seed — 3; роли: consolidator — 1, transit — 3, distributor — 0, terminal — 0, coordinator — 0, peripheral — 4; внутренние переводы 4 597 161.00 KZT; оборот (вход + выход) — 9 617 840.00 KZT; доля общего оборота (вход + выход) — 1.31%. Для проверки следует запросить детализацию переводов и документы об их назначении; у seed входящие занижены методом сбора; назначение платежей и общая принадлежность узлов не установлены."
39,7,0,143000.0,100000000507799100;100000005911352100;100000004508696100;100000003962994100;100000005127767100,"Гипотеза для проверки: возможная передача поступивших средств дальше; группа из 7 узлов, seed — 0; роли: consolidator — 0, transit — 3, distributor — 0, terminal — 0, coordinator — 0, peripheral — 4; внутренние переводы 143 000.00 KZT; оборот (вход + выход) — 291 132.00 KZT; доля общего оборота (вход + выход) — 0.04%. Для проверки следует запросить детализацию переводов и документы об их назначении; связь с делом не подтверждена; назначение платежей и общая принадлежность узлов не установлены."
40,7,0,3077000.0,100000002241986100;100000000627521100;100000001053894100;100000001286703100;100000002594214100,"Гипотеза для проверки: возможная передача поступивших средств дальше; группа из 7 узлов, seed — 0; роли: consolidator — 0, transit — 1, distributor — 0, terminal — 0, coordinator — 0, peripheral — 6; внутренние переводы 3 077 000.00 KZT; оборот (вход + выход) — 6 434 000.00 KZT; доля общего оборота (вход + выход) — 0.88%. Для проверки следует запросить детализацию переводов и документы об их назначении; связь с делом не подтверждена; назначение платежей и общая принадлежность узлов не установлены."
41,7,0,1765600.0,100000007392365100;100000003631015100;100000004976946100;100000005745873100;100000006351075100,"Гипотеза для проверки: возможная передача поступивших средств дальше; группа из 7 узлов, seed — 0; роли: consolidator — 0, transit — 1, distributor — 0, terminal — 0, coordinator — 0, peripheral — 6; внутренние переводы 1 765 600.00 KZT; оборот (вход + выход) — 3 540 813.00 KZT; доля общего оборота (вход + выход) — 0.48%. Для проверки следует запросить детализацию переводов и документы об их назначении; связь с делом не подтверждена; назначение платежей и общая принадлежность узлов не установлены."
42,7,0,1268308.0,100000006169033100;100000008011159100;100000005754335100;100000003888527100;100000006573438100,"Гипотеза для проверки: возможная передача поступивших средств дальше; группа из 7 узлов, seed — 0; роли: consolidator — 0, transit — 1, distributor — 0, terminal — 0, coordinator — 0, peripheral — 6; внутренние переводы 1 268 308.00 KZT; оборот (вход + выход) — 2 578 616.00 KZT; доля общего оборота (вход + выход) — 0.35%. Для проверки следует запросить детализацию переводов и документы об их назначении; связь с делом не подтверждена; назначение платежей и общая принадлежность узлов не установлены."
43,6,1,1615030.0,100000008736940100;100000008193577100;100000008659445100;100000008751429100;100000005456919100,"Гипотеза для проверки: возможная консолидация средств; группа из 6 узлов, seed — 1; роли: consolidator — 1, transit — 1, distributor — 0, terminal — 0, coordinator — 0, peripheral — 4; внутренние переводы 1 615 030.00 KZT; оборот (вход + выход) — 3 230 060.00 KZT; доля общего оборота (вход + выход) — 0.44%. Для проверки следует запросить детализацию переводов и документы об их назначении; у seed входящие занижены методом сбора; назначение платежей и общая принадлежность узлов не установлены."
44,6,1,1527967.0,100000003888271100;100000005183943100;100000007939160100;100000000580561100;100000007930878100,"Гипотеза для проверки: возможная передача поступивших средств дальше; группа из 6 узлов, seed — 1; роли: consolidator — 0, transit — 1, distributor — 0, terminal — 1, coordinator — 0, peripheral — 4; внутренние переводы 1 527 967.00 KZT; оборот (вход + выход) — 3 055 934.00 KZT; доля общего оборота (вход + выход) — 0.42%. Для проверки следует запросить детализацию переводов и документы об их назначении; у seed входящие занижены методом сбора; назначение платежей и общая принадлежность узлов не установлены."
45,6,0,2540000.0,100000004717647100;100000004479404100;100000001533161100;100000002659103100;100000002922000100,"Гипотеза для проверки: возможная передача поступивших средств дальше; группа из 6 узлов, seed — 0; роли: consolidator — 0, transit — 1, distributor — 0, terminal — 0, coordinator — 0, peripheral — 5; внутренние переводы 2 540 000.00 KZT; оборот (вход + выход) — 5 092 000.00 KZT; доля общего оборота (вход + выход) — 0.70%. Для проверки следует запросить детализацию переводов и документы об их назначении; связь с делом не подтверждена; назначение платежей и общая принадлежность узлов не установлены."
46,6,1,275885.0,100000005895525100;100000002462183100;100000005056870100;100000007175718100;100000005807278100,"Гипотеза для проверки: возможное накопление средств у видимых конечных получателей; группа из 6 узлов, seed — 1; роли: consolidator — 0, transit — 0, distributor — 0, terminal — 2, coordinator — 0, peripheral — 4; внутренние переводы 275 885.00 KZT; оборот (вход + выход) — 551 770.00 KZT; доля общего оборота (вход + выход) — 0.08%. Для проверки следует запросить детализацию переводов и документы об их назначении; у seed входящие занижены методом сбора; назначение платежей и общая принадлежность узлов не установлены."
47,6,0,2534500.0,100000003747133100;100000004722765100;100000002578653100;100000004272302100;100000005075949100,"Гипотеза для проверки: возможная передача поступивших средств дальше; группа из 6 узлов, seed — 0; роли: consolidator — 0, transit — 2, distributor — 0, terminal — 0, coordinator — 0, peripheral — 4; внутренние переводы 2 534 500.00 KZT; оборот (вход + выход) — 5 306 068.00 KZT; доля общего оборота (вход + выход) — 0.73%. Для проверки следует запросить детализацию переводов и документы об их назначении; связь с делом не подтверждена; назначение платежей и общая принадлежность узлов не установлены."
48,6,0,720900.0,100000008761219100;100000007472293100;100000002794374100;100000006638021100;100000008333492100,"Гипотеза для проверки: возможная передача поступивших средств дальше; группа из 6 узлов, seed — 0; роли: consolidator — 0, transit — 2, distributor — 0, terminal — 0, coordinator — 0, peripheral — 4; внутренние переводы 720 900.00 KZT; оборот (вход + выход) — 1 496 800.00 KZT; доля общего оборота (вход + выход) — 0.20%. Для проверки следует запросить детализацию переводов и документы об их назначении; связь с делом не подтверждена; назначение платежей и общая принадлежность узлов не установлены."
49,6,1,383300.0,100000004094958100;100000005363908100;100000004331458100;100000005547096100;100000005546031100,"Гипотеза для проверки: возможная передача поступивших средств дальше; группа из 6 узлов, seed — 1; роли: consolidator — 0, transit — 3, distributor — 0, terminal — 1, coordinator — 0, peripheral — 2; внутренние переводы 383 300.00 KZT; оборот (вход + выход) — 766 600.00 KZT; доля общего оборота (вход + выход) — 0.10%. Для проверки следует запросить детализацию переводов и документы об их назначении; у seed входящие занижены методом сбора; назначение платежей и общая принадлежность узлов не установлены."
50,5,0,1189154.0,100000000291906100;100000004670388100;100000000291908100;100000004691350100;100000004722630100,"Гипотеза для проверки: возможная передача поступивших средств дальше; группа из 5 узлов, seed — 0; роли: consolidator — 0, transit — 2, distributor — 0, terminal — 0, coordinator — 0, peripheral — 3; внутренние переводы 1 189 154.00 KZT; оборот (вход + выход) — 2 386 308.00 KZT; доля общего оборота (вход + выход) — 0.33%. Для проверки следует запросить детализацию переводов и документы об их назначении; связь с делом не подтверждена; назначение платежей и общая принадлежность узлов не установлены."
51,5,0,172000.0,100000005031696100;100000004659919100;100000001223977100;100000002700161100;100000008461217100,"Гипотеза для проверки: возможная передача поступивших средств дальше; группа из 5 узлов, seed — 0; роли: consolidator — 0, transit — 2, distributor — 0, terminal — 0, coordinator — 0, peripheral — 3; внутренние переводы 172 000.00 KZT; оборот (вход + выход) — 349 000.00 KZT; доля общего оборота (вход + выход) — 0.05%. Для проверки следует запросить детализацию переводов и документы об их назначении; связь с делом не подтверждена; назначение платежей и общая принадлежность узлов не установлены."
52,5,1,2809200.0,100000004135268100;100000007507343100;100000008571433100;100000004979498100;100000002738256100,"Гипотеза для проверки: возможная передача поступивших средств дальше; группа из 5 узлов, seed — 1; роли: consolidator — 0, transit — 2, distributor — 0, terminal — 1, coordinator — 0, peripheral — 2; внутренние переводы 2 809 200.00 KZT; оборот (вход + выход) — 5 618 400.00 KZT; доля общего оборота (вход + выход) — 0.77%. Для проверки следует запросить детализацию переводов и документы об их назначении; у seed входящие занижены методом сбора; назначение платежей и общая принадлежность узлов не установлены."
53,5,2,108007.0,100000006562026100;100000007347733100;100000008129393100;100000006249740100;100000006831291100,"Гипотеза для проверки: возможное накопление средств у видимых конечных получателей; группа из 5 узлов, seed — 2; роли: consolidator — 0, transit — 0, distributor — 0, terminal — 1, coordinator — 0, peripheral — 4; внутренние переводы 108 007.00 KZT; оборот (вход + выход) — 216 014.00 KZT; доля общего оборота (вход + выход) — 0.03%. Для проверки следует запросить детализацию переводов и документы об их назначении; у seed входящие занижены методом сбора; назначение платежей и общая принадлежность узлов не установлены."
54,4,0,518000.0,100000003163886100;100000002205022100;100000000629812100;100000001380107100,"Гипотеза для проверки: возможная передача поступивших средств дальше; группа из 4 узлов, seed — 0; роли: consolidator — 0, transit — 1, distributor — 0, terminal — 1, coordinator — 0, peripheral — 2; внутренние переводы 518 000.00 KZT; оборот (вход + выход) — 1 053 100.00 KZT; доля общего оборота (вход + выход) — 0.14%. Для проверки следует запросить детализацию переводов и документы об их назначении; связь с делом не подтверждена; назначение платежей и общая принадлежность узлов не установлены."
55,4,1,1404980.0,100000001872484100;100000008601794100;100000000785800100;100000002459163100,"Гипотеза для проверки: возможная передача поступивших средств дальше; группа из 4 узлов, seed — 1; роли: consolidator — 0, transit — 1, distributor — 0, terminal — 0, coordinator — 0, peripheral — 3; внутренние переводы 1 404 980.00 KZT; оборот (вход + выход) — 2 809 960.00 KZT; доля общего оборота (вход + выход) — 0.38%. Для проверки следует запросить детализацию переводов и документы об их назначении; у seed входящие занижены методом сбора; назначение платежей и общая принадлежность узлов не установлены."
56,4,0,1595700.0,100000001052945100;100000001131403100;100000004616845100;100000005146665100,"Гипотеза для проверки: возможная передача поступивших средств дальше; группа из 4 узлов, seed — 0; роли: consolidator — 0, transit — 1, distributor — 0, terminal — 0, coordinator — 0, peripheral — 3; внутренние переводы 1 595 700.00 KZT; оборот (вход + выход) — 3 247 920.00 KZT; доля общего оборота (вход + выход) — 0.44%. Для проверки следует запросить детализацию переводов и документы об их назначении; связь с делом не подтверждена; назначение платежей и общая принадлежность узлов не установлены."
57,4,1,79050.0,100000003148220100;100000006888238100;100000001852140100;100000004971871100,"Гипотеза для проверки: возможная передача поступивших средств дальше; группа из 4 узлов, seed — 1; роли: consolidator — 0, transit — 2, distributor — 0, terminal — 0, coordinator — 0, peripheral — 2; внутренние переводы 79 050.00 KZT; оборот (вход + выход) — 158 100.00 KZT; доля общего оборота (вход + выход) — 0.02%. Для проверки следует запросить детализацию переводов и документы об их назначении; у seed входящие занижены методом сбора; назначение платежей и общая принадлежность узлов не установлены."
58,4,0,332709.0,100000002513028100;100000002516862100;100000004610802100;100000004780083100,"Гипотеза для проверки: возможная передача поступивших средств дальше; группа из 4 узлов, seed — 0; роли: consolidator — 0, transit — 1, distributor — 0, terminal — 0, coordinator — 0, peripheral — 3; внутренние переводы 332 709.00 KZT; оборот (вход + выход) — 674 918.00 KZT; доля общего оборота (вход + выход) — 0.09%. Для проверки следует запросить детализацию переводов и документы об их назначении; связь с делом не подтверждена; назначение платежей и общая принадлежность узлов не установлены."
59,4,2,1499679.0,100000008730021100;100000008701944100;100000008418835100;100000004269433100,"Гипотеза для проверки: возможное накопление средств у видимых конечных получателей; группа из 4 узлов, seed — 2; роли: consolidator — 0, transit — 0, distributor — 0, terminal — 2, coordinator — 0, peripheral — 2; внутренние переводы 1 499 679.00 KZT; оборот (вход + выход) — 3 057 858.00 KZT; доля общего оборота (вход + выход) — 0.42%. Для проверки следует запросить детализацию переводов и документы об их назначении; у seed входящие занижены методом сбора; назначение платежей и общая принадлежность узлов не установлены."
60,3,1,450000.0,100000002371751100;100000000769919100;100000007018630100,"Гипотеза для проверки: возможная передача поступивших средств дальше; группа из 3 узлов, seed — 1; роли: consolidator — 0, transit — 1, distributor — 0, terminal — 1, coordinator — 0, peripheral — 1; внутренние переводы 450 000.00 KZT; оборот (вход + выход) — 900 000.00 KZT; доля общего оборота (вход + выход) — 0.12%. Для проверки следует запросить детализацию переводов и документы об их назначении; у seed входящие занижены методом сбора; назначение платежей и общая принадлежность узлов не установлены."
61,3,0,120000.0,100000003221510100;100000001733216100;100000002505277100,"Гипотеза для проверки: возможная передача поступивших средств дальше; группа из 3 узлов, seed — 0; роли: consolidator — 0, transit — 1, distributor — 0, terminal — 0, coordinator — 0, peripheral — 2; внутренние переводы 120 000.00 KZT; оборот (вход + выход) — 264 000.00 KZT; доля общего оборота (вход + выход) — 0.04%. Для проверки следует запросить детализацию переводов и документы об их назначении; связь с делом не подтверждена; назначение платежей и общая принадлежность узлов не установлены."
62,3,0,553830.0,100000003321895100;100000002371892100;100000003692843100,"Гипотеза для проверки: возможная передача поступивших средств дальше; группа из 3 узлов, seed — 0; роли: consolidator — 0, transit — 1, distributor — 0, terminal — 0, coordinator — 0, peripheral — 2; внутренние переводы 553 830.00 KZT; оборот (вход + выход) — 1 131 660.00 KZT; доля общего оборота (вход + выход) — 0.15%. Для проверки следует запросить детализацию переводов и документы об их назначении; связь с делом не подтверждена; назначение платежей и общая принадлежность узлов не установлены."
63,3,1,390167.62,100000002781227100;100000002796853100;100000008522127100,"Гипотеза для проверки: возможная передача поступивших средств дальше; группа из 3 узлов, seed — 1; роли: consolidator — 0, transit — 1, distributor — 0, terminal — 0, coordinator — 0, peripheral — 2; внутренние переводы 390 167.62 KZT; оборот (вход + выход) — 793 755.24 KZT; доля общего оборота (вход + выход) — 0.11%. Для проверки следует запросить детализацию переводов и документы об их назначении; у seed входящие занижены методом сбора; назначение платежей и общая принадлежность узлов не установлены."
64,3,0,1557988.0,100000008258458100;100000004035925100;100000008619159100,"Гипотеза для проверки: возможная передача поступивших средств дальше; группа из 3 узлов, seed — 0; роли: consolidator — 0, transit — 1, distributor — 0, terminal — 0, coordinator — 0, peripheral — 2; внутренние переводы 1 557 988.00 KZT; оборот (вход + выход) — 3 134 976.00 KZT; доля общего оборота (вход + выход) — 0.43%. Для проверки следует запросить детализацию переводов и документы об их назначении; связь с делом не подтверждена; назначение платежей и общая принадлежность узлов не установлены."
65,3,1,450816.0,100000005034574100;100000007283257100;100000004388983100,"Гипотеза для проверки: возможное накопление средств у видимых конечных получателей; группа из 3 узлов, seed — 1; роли: consolidator — 0, transit — 0, distributor — 0, terminal — 2, coordinator — 0, peripheral — 1; внутренние переводы 450 816.00 KZT; оборот (вход + выход) — 901 632.00 KZT; доля общего оборота (вход + выход) — 0.12%. Для проверки следует запросить детализацию переводов и документы об их назначении; у seed входящие занижены методом сбора; назначение платежей и общая принадлежность узлов не установлены."
66,3,0,627870.0,100000008628231100;100000004666651100;100000005664632100,"Гипотеза для проверки: возможная передача поступивших средств дальше; группа из 3 узлов, seed — 0; роли: consolidator — 0, transit — 1, distributor — 0, terminal — 2, coordinator — 0, peripheral — 0; внутренние переводы 627 870.00 KZT; оборот (вход + выход) — 1 305 740.00 KZT; доля общего оборота (вход + выход) — 0.18%. Для проверки следует запросить детализацию переводов и документы об их назначении; связь с делом не подтверждена; назначение платежей и общая принадлежность узлов не установлены."
67,2,0,761255.0,100000000583220100;100000004586598100,"Гипотеза для проверки: возможная передача поступивших средств дальше; группа из 2 узлов, seed — 0; роли: consolidator — 0, transit — 1, distributor — 0, terminal — 0, coordinator — 0, peripheral — 1; внутренние переводы 761 255.00 KZT; оборот (вход + выход) — 1 527 510.00 KZT; доля общего оборота (вход + выход) — 0.21%. Для проверки следует запросить детализацию переводов и документы об их назначении; связь с делом не подтверждена; назначение платежей и общая принадлежность узлов не установлены."
68,2,1,30000.0,100000003980083100;100000003200071100,"Гипотеза для проверки: назначение группы денежных потоков требует уточнения; группа из 2 узлов, seed — 1; роли: consolidator — 0, transit — 0, distributor — 0, terminal — 0, coordinator — 0, peripheral — 2; внутренние переводы 30 000.00 KZT; оборот (вход + выход) — 60 000.00 KZT; доля общего оборота (вход + выход) — 0.01%. Для проверки следует запросить детализацию переводов и документы об их назначении; у seed входящие занижены методом сбора; назначение платежей и общая принадлежность узлов не установлены."
69,2,1,81465.0,100000003865939100;100000005392290100,"Гипотеза для проверки: возможное накопление средств у видимых конечных получателей; группа из 2 узлов, seed — 1; роли: consolidator — 0, transit — 0, distributor — 0, terminal — 1, coordinator — 0, peripheral — 1; внутренние переводы 81 465.00 KZT; оборот (вход + выход) — 162 930.00 KZT; доля общего оборота (вход + выход) — 0.02%. Для проверки следует запросить детализацию переводов и документы об их назначении; у seed входящие занижены методом сбора; назначение платежей и общая принадлежность узлов не установлены."
70,2,0,584900.0,100000008430691100;100000007330432100,"Гипотеза для проверки: возможная передача поступивших средств дальше; группа из 2 узлов, seed — 0; роли: consolidator — 0, transit — 1, distributor — 0, terminal — 0, coordinator — 0, peripheral — 1; внутренние переводы 584 900.00 KZT; оборот (вход + выход) — 1 209 800.00 KZT; доля общего оборота (вход + выход) — 0.17%. Для проверки следует запросить детализацию переводов и документы об их назначении; связь с делом не подтверждена; назначение платежей и общая принадлежность узлов не установлены."
71,2,0,857500.0,100000008324800100;100000007390016100,"Гипотеза для проверки: возможная передача поступивших средств дальше; группа из 2 узлов, seed — 0; роли: consolidator — 0, transit — 1, distributor — 0, terminal — 0, coordinator — 0, peripheral — 1; внутренние переводы 857 500.00 KZT; оборот (вход + выход) — 1 895 000.00 KZT; доля общего оборота (вход + выход) — 0.26%. Для проверки следует запросить детализацию переводов и документы об их назначении; связь с делом не подтверждена; назначение платежей и общая принадлежность узлов не установлены."
72,1,1,0.0,100000000456947100,"Гипотеза для проверки: назначение группы денежных потоков требует уточнения; группа из 1 узлов, seed — 1; роли: consolidator — 0, transit — 0, distributor — 0, terminal — 0, coordinator — 0, peripheral — 1; внутренние переводы 0.00 KZT; оборот (вход + выход) — 0.00 KZT; доля общего оборота (вход + выход) — 0.00%. Для проверки следует запросить детализацию переводов и документы об их назначении; у seed входящие занижены методом сбора; назначение платежей и общая принадлежность узлов не установлены."
73,1,1,0.0,100000003265658100,"Гипотеза для проверки: назначение группы денежных потоков требует уточнения; группа из 1 узлов, seed — 1; роли: consolidator — 0, transit — 0, distributor — 0, terminal — 0, coordinator — 0, peripheral — 1; внутренние переводы 0.00 KZT; оборот (вход + выход) — 0.00 KZT; доля общего оборота (вход + выход) — 0.00%. Для проверки следует запросить детализацию переводов и документы об их назначении; у seed входящие занижены методом сбора; назначение платежей и общая принадлежность узлов не установлены."
74,1,1,0.0,100000003349739100,"Гипотеза для проверки: назначение группы денежных потоков требует уточнения; группа из 1 узлов, seed — 1; роли: consolidator — 0, transit — 0, distributor — 0, terminal — 0, coordinator — 0, peripheral — 1; внутренние переводы 0.00 KZT; оборот (вход + выход) — 0.00 KZT; доля общего оборота (вход + выход) — 0.00%. Для проверки следует запросить детализацию переводов и документы об их назначении; у seed входящие занижены методом сбора; назначение платежей и общая принадлежность узлов не установлены."
75,1,1,0.0,100000003770083100,"Гипотеза для проверки: назначение группы денежных потоков требует уточнения; группа из 1 узлов, seed — 1; роли: consolidator — 0, transit — 0, distributor — 0, terminal — 0, coordinator — 0, peripheral — 1; внутренние переводы 0.00 KZT; оборот (вход + выход) — 0.00 KZT; доля общего оборота (вход + выход) — 0.00%. Для проверки следует запросить детализацию переводов и документы об их назначении; у seed входящие занижены методом сбора; назначение платежей и общая принадлежность узлов не установлены."
76,1,1,0.0,100000004021459100,"Гипотеза для проверки: назначение группы денежных потоков требует уточнения; группа из 1 узлов, seed — 1; роли: consolidator — 0, transit — 0, distributor — 0, terminal — 0, coordinator — 0, peripheral — 1; внутренние переводы 0.00 KZT; оборот (вход + выход) — 0.00 KZT; доля общего оборота (вход + выход) — 0.00%. Для проверки следует запросить детализацию переводов и документы об их назначении; у seed входящие занижены методом сбора; назначение платежей и общая принадлежность узлов не установлены."
77,1,1,0.0,100000004174835100,"Гипотеза для проверки: назначение группы денежных потоков требует уточнения; группа из 1 узлов, seed — 1; роли: consolidator — 0, transit — 0, distributor — 0, terminal — 0, coordinator — 0, peripheral — 1; внутренние переводы 0.00 KZT; оборот (вход + выход) — 0.00 KZT; доля общего оборота (вход + выход) — 0.00%. Для проверки следует запросить детализацию переводов и документы об их назначении; у seed входящие занижены методом сбора; назначение платежей и общая принадлежность узлов не установлены."
78,1,1,0.0,100000005017150100,"Гипотеза для проверки: назначение группы денежных потоков требует уточнения; группа из 1 узлов, seed — 1; роли: consolidator — 0, transit — 0, distributor — 0, terminal — 0, coordinator — 0, peripheral — 1; внутренние переводы 0.00 KZT; оборот (вход + выход) — 0.00 KZT; доля общего оборота (вход + выход) — 0.00%. Для проверки следует запросить детализацию переводов и документы об их назначении; у seed входящие занижены методом сбора; назначение платежей и общая принадлежность узлов не установлены."
79,1,1,0.0,100000005087431100,"Гипотеза для проверки: назначение группы денежных потоков требует уточнения; группа из 1 узлов, seed — 1; роли: consolidator — 0, transit — 0, distributor — 0, terminal — 0, coordinator — 0, peripheral — 1; внутренние переводы 0.00 KZT; оборот (вход + выход) — 0.00 KZT; доля общего оборота (вход + выход) — 0.00%. Для проверки следует запросить детализацию переводов и документы об их назначении; у seed входящие занижены методом сбора; назначение платежей и общая принадлежность узлов не установлены."
80,1,1,0.0,100000005235389100,"Гипотеза для проверки: назначение группы денежных потоков требует уточнения; группа из 1 узлов, seed — 1; роли: consolidator — 0, transit — 0, distributor — 0, terminal — 0, coordinator — 0, peripheral — 1; внутренние переводы 0.00 KZT; оборот (вход + выход) — 0.00 KZT; доля общего оборота (вход + выход) — 0.00%. Для проверки следует запросить детализацию переводов и документы об их назначении; у seed входящие занижены методом сбора; назначение платежей и общая принадлежность узлов не установлены."
81,1,1,0.0,100000005480435100,"Гипотеза для проверки: назначение группы денежных потоков требует уточнения; группа из 1 узлов, seed — 1; роли: consolidator — 0, transit — 0, distributor — 0, terminal — 0, coordinator — 0, peripheral — 1; внутренние переводы 0.00 KZT; оборот (вход + выход) — 0.00 KZT; доля общего оборота (вход + выход) — 0.00%. Для проверки следует запросить детализацию переводов и документы об их назначении; у seed входящие занижены методом сбора; назначение платежей и общая принадлежность узлов не установлены."
82,1,1,0.0,100000005495722100,"Гипотеза для проверки: назначение группы денежных потоков требует уточнения; группа из 1 узлов, seed — 1; роли: consolidator — 0, transit — 0, distributor — 0, terminal — 0, coordinator — 0, peripheral — 1; внутренние переводы 0.00 KZT; оборот (вход + выход) — 0.00 KZT; доля общего оборота (вход + выход) — 0.00%. Для проверки следует запросить детализацию переводов и документы об их назначении; у seed входящие занижены методом сбора; назначение платежей и общая принадлежность узлов не установлены."
83,1,1,0.0,100000005550592100,"Гипотеза для проверки: назначение группы денежных потоков требует уточнения; группа из 1 узлов, seed — 1; роли: consolidator — 0, transit — 0, distributor — 0, terminal — 0, coordinator — 0, peripheral — 1; внутренние переводы 0.00 KZT; оборот (вход + выход) — 0.00 KZT; доля общего оборота (вход + выход) — 0.00%. Для проверки следует запросить детализацию переводов и документы об их назначении; у seed входящие занижены методом сбора; назначение платежей и общая принадлежность узлов не установлены."
84,1,1,0.0,100000005560900100,"Гипотеза для проверки: назначение группы денежных потоков требует уточнения; группа из 1 узлов, seed — 1; роли: consolidator — 0, transit — 0, distributor — 0, terminal — 0, coordinator — 0, peripheral — 1; внутренние переводы 0.00 KZT; оборот (вход + выход) — 0.00 KZT; доля общего оборота (вход + выход) — 0.00%. Для проверки следует запросить детализацию переводов и документы об их назначении; у seed входящие занижены методом сбора; назначение платежей и общая принадлежность узлов не установлены."
85,1,1,0.0,100000005568407100,"Гипотеза для проверки: назначение группы денежных потоков требует уточнения; группа из 1 узлов, seed — 1; роли: consolidator — 0, transit — 0, distributor — 0, terminal — 0, coordinator — 0, peripheral — 1; внутренние переводы 0.00 KZT; оборот (вход + выход) — 0.00 KZT; доля общего оборота (вход + выход) — 0.00%. Для проверки следует запросить детализацию переводов и документы об их назначении; у seed входящие занижены методом сбора; назначение платежей и общая принадлежность узлов не установлены."
86,1,1,0.0,100000008117324100,"Гипотеза для проверки: назначение группы денежных потоков требует уточнения; группа из 1 узлов, seed — 1; роли: consolidator — 0, transit — 0, distributor — 0, terminal — 0, coordinator — 0, peripheral — 1; внутренние переводы 0.00 KZT; оборот (вход + выход) — 0.00 KZT; доля общего оборота (вход + выход) — 0.00%. Для проверки следует запросить детализацию переводов и документы об их назначении; у seed входящие занижены методом сбора; назначение платежей и общая принадлежность узлов не установлены."
87,1,1,0.0,100000008205000100,"Гипотеза для проверки: назначение группы денежных потоков требует уточнения; группа из 1 узлов, seed — 1; роли: consolidator — 0, transit — 0, distributor — 0, terminal — 0, coordinator — 0, peripheral — 1; внутренние переводы 0.00 KZT; оборот (вход + выход) — 0.00 KZT; доля общего оборота (вход + выход) — 0.00%. Для проверки следует запросить детализацию переводов и документы об их назначении; у seed входящие занижены методом сбора; назначение платежей и общая принадлежность узлов не установлены."
88,1,1,0.0,100000008513251100,"Гипотеза для проверки: назначение группы денежных потоков требует уточнения; группа из 1 узлов, seed — 1; роли: consolidator — 0, transit — 0, distributor — 0, terminal — 0, coordinator — 0, peripheral — 1; внутренние переводы 0.00 KZT; оборот (вход + выход) — 0.00 KZT; доля общего оборота (вход + выход) — 0.00%. Для проверки следует запросить детализацию переводов и документы об их назначении; у seed входящие занижены методом сбора; назначение платежей и общая принадлежность узлов не установлены."
89,1,1,0.0,100000008669037100,"Гипотеза для проверки: назначение группы денежных потоков требует уточнения; группа из 1 узлов, seed — 1; роли: consolidator — 0, transit — 0, distributor — 0, terminal — 0, coordinator — 0, peripheral — 1; внутренние переводы 0.00 KZT; оборот (вход + выход) — 0.00 KZT; доля общего оборота (вход + выход) — 0.00%. Для проверки следует запросить детализацию переводов и документы об их назначении; у seed входящие занижены методом сбора; назначение платежей и общая принадлежность узлов не установлены."
90,1,1,0.0,100000008701222100,"Гипотеза для проверки: назначение группы денежных потоков требует уточнения; группа из 1 узлов, seed — 1; роли: consolidator — 0, transit — 0, distributor — 0, terminal — 0, coordinator — 0, peripheral — 1; внутренние переводы 0.00 KZT; оборот (вход + выход) — 0.00 KZT; доля общего оборота (вход + выход) — 0.00%. Для проверки следует запросить детализацию переводов и документы об их назначении; у seed входящие занижены методом сбора; назначение платежей и общая принадлежность узлов не установлены."
